MAE,RMSE,MAPE,model
28.286060002271658,43.475979589842716,11.831630160012468,LSTM
28.505079637790047,43.5881167875425,12.03504002179539,GRU
31.43352105149387,46.34640207678148,20.266585178361535,CNN
